﻿<?xml version="1.0" encoding="utf-8" ?>
<hibernate-configuration xmlns="urn:nhibernate-configuration-2.2">
	<session-factory>
		<property name="connection.provider">NHibernate.Connection.DriverConnectionProvider</property>
		<property name="dialect">NHibernate.Dialect.MySQL5Dialect</property>
		<property name="connection.driver_class">NHibernate.Driver.MySqlDataDriver</property>
		<property name="connection.connection_string">Server=127.0.0.1;Database=mikrocosmos;User ID=root; Password=yourpwd;</property>

		<property name="show_sql">true</property>
		<mapping assembly="$safeprojectname$"/>
	</session-factory>
</hibernate-configuration>