<?xml version="1.0" encoding="utf-8"?>
<hibernate-mapping assembly="$safeprojectname$" namespace="$safeprojectname$" xmlns="urn:nhibernate-mapping-2.2">
	<class name="User" table="users" lazy="true" >
		<id name="Id" column="id" />
		<property name="Username">
			<column name="username" sql-type="varchar(20)" not-null="true" />
		</property>
		<property name="Playfabid">
			<column name="playfabid" sql-type="varchar(45)" not-null="true" />
		</property>
		<property name="Password">
			<column name="password" sql-type="varchar(32)" not-null="true" />
		</property>
		<property name="LastLoginTime">
			<column name="last_login_time" sql-type="datetime" not-null="false" />
		</property>
	</class>
</hibernate-mapping>