{
  "Version": "1.0",
  "ABMD5List": [
    {
      "AssetName": "aliens",
      "MD5": "84ddd2dc4d6709d45cc2d400705f5a6a",
      "FileSize": 547.7715,
      "assetDatas": [
        {
          "Name": "AlienBody",
          "OwnerBundleName": "aliens",
          "AssetType": "UnityEngine.GameObject"
        },
        {
          "Name": "ExampleBody_Normal_Long",
          "OwnerBundleName": "aliens",
          "AssetType": "UnityEngine.GameObject"
        },
        {
          "Name": "ExampleBody_Normal_Short",
          "OwnerBundleName": "aliens",
          "AssetType": "UnityEngine.GameObject"
        },
        {
          "Name": "ExampleNewspaper",
          "OwnerBundleName": "aliens",
          "AssetType": "UnityEngine.GameObject"
        },
        {
          "Name": "FashionCatalogBody",
          "OwnerBundleName": "aliens",
          "AssetType": "UnityEngine.GameObject"
        },
        {
          "Name": "HomeDogBody",
          "OwnerBundleName": "aliens",
          "AssetType": "UnityEngine.GameObject"
        },
        {
          "Name": "NewspaperFrame_0",
          "OwnerBundleName": "aliens",
          "AssetType": "UnityEngine.GameObject"
        },
        {
          "Name": "NewspaperFrame_1",
          "OwnerBundleName": "aliens",
          "AssetType": "UnityEngine.GameObject"
        },
        {
          "Name": "NewspaperFrame_2",
          "OwnerBundleName": "aliens",
          "AssetType": "UnityEngine.GameObject"
        },
        {
          "Name": "SuspectBody",
          "OwnerBundleName": "aliens",
          "AssetType": "UnityEngine.GameObject"
        },
        {
          "Name": "NewspaperTex1",
          "OwnerBundleName": "aliens",
          "AssetType": "UnityEngine.RenderTexture"
        }
      ]
    },
    {
      "AssetName": "audios",
      "MD5": "40d203cd1f98cc8406685694a170d9d0",
      "FileSize": 4245.785,
      "assetDatas": [
        {
          "Name": "Cat",
          "OwnerBundleName": "audios",
          "AssetType": "UnityEngine.AudioClip"
        },
        {
          "Name": "clock_tick",
          "OwnerBundleName": "audios",
          "AssetType": "UnityEngine.AudioClip"
        },
        {
          "Name": "DeathSound",
          "OwnerBundleName": "audios",
          "AssetType": "UnityEngine.AudioClip"
        },
        {
          "Name": "dogBark_1",
          "OwnerBundleName": "audios",
          "AssetType": "UnityEngine.AudioClip"
        },
        {
          "Name": "dogBark_2",
          "OwnerBundleName": "audios",
          "AssetType": "UnityEngine.AudioClip"
        },
        {
          "Name": "dogBark_3",
          "OwnerBundleName": "audios",
          "AssetType": "UnityEngine.AudioClip"
        },
        {
          "Name": "dogBark_4",
          "OwnerBundleName": "audios",
          "AssetType": "UnityEngine.AudioClip"
        },
        {
          "Name": "dog_attack",
          "OwnerBundleName": "audios",
          "AssetType": "UnityEngine.AudioClip"
        },
        {
          "Name": "dog_die",
          "OwnerBundleName": "audios",
          "AssetType": "UnityEngine.AudioClip"
        },
        {
          "Name": "dog_outside_door_1",
          "OwnerBundleName": "audios",
          "AssetType": "UnityEngine.AudioClip"
        },
        {
          "Name": "dog_outside_door_2",
          "OwnerBundleName": "audios",
          "AssetType": "UnityEngine.AudioClip"
        },
        {
          "Name": "dog_outside_door_3",
          "OwnerBundleName": "audios",
          "AssetType": "UnityEngine.AudioClip"
        },
        {
          "Name": "dog_usual_1",
          "OwnerBundleName": "audios",
          "AssetType": "UnityEngine.AudioClip"
        },
        {
          "Name": "dog_usual_2",
          "OwnerBundleName": "audios",
          "AssetType": "UnityEngine.AudioClip"
        },
        {
          "Name": "flash_light",
          "OwnerBundleName": "audios",
          "AssetType": "UnityEngine.AudioClip"
        },
        {
          "Name": "motor_gear_loop",
          "OwnerBundleName": "audios",
          "AssetType": "UnityEngine.AudioClip"
        },
        {
          "Name": "Good_End",
          "OwnerBundleName": "audios",
          "AssetType": "UnityEngine.AudioClip"
        },
        {
          "Name": "Killed_End",
          "OwnerBundleName": "audios",
          "AssetType": "UnityEngine.AudioClip"
        },
        {
          "Name": "Shelter_End",
          "OwnerBundleName": "audios",
          "AssetType": "UnityEngine.AudioClip"
        },
        {
          "Name": "Starve_Arrested_End",
          "OwnerBundleName": "audios",
          "AssetType": "UnityEngine.AudioClip"
        },
        {
          "Name": "EndOfDay3Chimes",
          "OwnerBundleName": "audios",
          "AssetType": "UnityEngine.AudioClip"
        },
        {
          "Name": "monster_die",
          "OwnerBundleName": "audios",
          "AssetType": "UnityEngine.AudioClip"
        },
        {
          "Name": "monster_kill_player",
          "OwnerBundleName": "audios",
          "AssetType": "UnityEngine.AudioClip"
        },
        {
          "Name": "monster_roar_1",
          "OwnerBundleName": "audios",
          "AssetType": "UnityEngine.AudioClip"
        },
        {
          "Name": "monster_roar_2",
          "OwnerBundleName": "audios",
          "AssetType": "UnityEngine.AudioClip"
        },
        {
          "Name": "gun_fire",
          "OwnerBundleName": "audios",
          "AssetType": "UnityEngine.AudioClip"
        },
        {
          "Name": "gun_no_bullet",
          "OwnerBundleName": "audios",
          "AssetType": "UnityEngine.AudioClip"
        },
        {
          "Name": "kick_door_1",
          "OwnerBundleName": "audios",
          "AssetType": "UnityEngine.AudioClip"
        },
        {
          "Name": "kick_door_2",
          "OwnerBundleName": "audios",
          "AssetType": "UnityEngine.AudioClip"
        },
        {
          "Name": "kick_door_3",
          "OwnerBundleName": "audios",
          "AssetType": "UnityEngine.AudioClip"
        },
        {
          "Name": "knock_1",
          "OwnerBundleName": "audios",
          "AssetType": "UnityEngine.AudioClip"
        },
        {
          "Name": "knock_2",
          "OwnerBundleName": "audios",
          "AssetType": "UnityEngine.AudioClip"
        },
        {
          "Name": "knock_3",
          "OwnerBundleName": "audios",
          "AssetType": "UnityEngine.AudioClip"
        },
        {
          "Name": "knock_4",
          "OwnerBundleName": "audios",
          "AssetType": "UnityEngine.AudioClip"
        },
        {
          "Name": "knock_5",
          "OwnerBundleName": "audios",
          "AssetType": "UnityEngine.AudioClip"
        },
        {
          "Name": "knock_6",
          "OwnerBundleName": "audios",
          "AssetType": "UnityEngine.AudioClip"
        },
        {
          "Name": "knock_7",
          "OwnerBundleName": "audios",
          "AssetType": "UnityEngine.AudioClip"
        },
        {
          "Name": "Newspaper SOUND EFFECT - Reading Newspaper Flipping Newspaper SOUND-[AudioTrimmer",
          "OwnerBundleName": "audios",
          "AssetType": "UnityEngine.AudioClip"
        },
        {
          "Name": "pick_up_newspaper",
          "OwnerBundleName": "audios",
          "AssetType": "UnityEngine.AudioClip"
        },
        {
          "Name": "put_down_newspaper",
          "OwnerBundleName": "audios",
          "AssetType": "UnityEngine.AudioClip"
        },
        {
          "Name": "page_tear",
          "OwnerBundleName": "audios",
          "AssetType": "UnityEngine.AudioClip"
        },
        {
          "Name": "radio_button",
          "OwnerBundleName": "audios",
          "AssetType": "UnityEngine.AudioClip"
        },
        {
          "Name": "trash-crumple",
          "OwnerBundleName": "audios",
          "AssetType": "UnityEngine.AudioClip"
        },
        {
          "Name": "door_open",
          "OwnerBundleName": "audios",
          "AssetType": "UnityEngine.AudioClip"
        },
        {
          "Name": "hit_player",
          "OwnerBundleName": "audios",
          "AssetType": "UnityEngine.AudioClip"
        },
        {
          "Name": "rummage",
          "OwnerBundleName": "audios",
          "AssetType": "UnityEngine.AudioClip"
        },
        {
          "Name": "slam_door",
          "OwnerBundleName": "audios",
          "AssetType": "UnityEngine.AudioClip"
        },
        {
          "Name": "hang_out",
          "OwnerBundleName": "audios",
          "AssetType": "UnityEngine.AudioClip"
        },
        {
          "Name": "incoming_call",
          "OwnerBundleName": "audios",
          "AssetType": "UnityEngine.AudioClip"
        },
        {
          "Name": "phone_dialing",
          "OwnerBundleName": "audios",
          "AssetType": "UnityEngine.AudioClip"
        },
        {
          "Name": "UI_Click",
          "OwnerBundleName": "audios",
          "AssetType": "UnityEngine.AudioClip"
        },
        {
          "Name": "camera-shutter",
          "OwnerBundleName": "audios",
          "AssetType": "UnityEngine.AudioClip"
        }
      ]
    },
    {
      "AssetName": "general",
      "MD5": "339a052fb51f71d26e2477f8c6b11412",
      "FileSize": 1652.64551,
      "assetDatas": [
        {
          "Name": "DraggedText",
          "OwnerBundleName": "general",
          "AssetType": "UnityEngine.GameObject"
        },
        {
          "Name": "RadioSubtitle",
          "OwnerBundleName": "general",
          "AssetType": "UnityEngine.GameObject"
        },
        {
          "Name": "RadioScheduleContent",
          "OwnerBundleName": "general",
          "AssetType": "UnityEngine.GameObject"
        },
        {
          "Name": "TextContent",
          "OwnerBundleName": "general",
          "AssetType": "UnityEngine.GameObject"
        },
        {
          "Name": "HuntingGround_Hunting",
          "OwnerBundleName": "general",
          "AssetType": "UnityEngine.GameObject"
        },
        {
          "Name": "TestArea_TestActivity",
          "OwnerBundleName": "general",
          "AssetType": "UnityEngine.GameObject"
        },
        {
          "Name": "MissingDogContent",
          "OwnerBundleName": "general",
          "AssetType": "UnityEngine.GameObject"
        }
      ]
    },
    {
      "AssetName": "mftest",
      "MD5": "10871f3c51118b1714a66e98177ea1a8",
      "FileSize": 1028.24707,
      "assetDatas": [
        {
          "Name": "War loop",
          "OwnerBundleName": "mftest",
          "AssetType": "UnityEngine.AudioClip"
        },
        {
          "Name": "Asteroid_1",
          "OwnerBundleName": "mftest",
          "AssetType": "UnityEngine.Texture2D"
        },
        {
          "Name": "Cylinder",
          "OwnerBundleName": "mftest",
          "AssetType": "UnityEngine.GameObject"
        },
        {
          "Name": "TestABObj",
          "OwnerBundleName": "mftest",
          "AssetType": "UnityEngine.GameObject"
        },
        {
          "Name": "AboutPanel",
          "OwnerBundleName": "mftest",
          "AssetType": "UnityEngine.GameObject"
        },
        {
          "Name": "OpenFilesSubPanel",
          "OwnerBundleName": "mftest",
          "AssetType": "UnityEngine.GameObject"
        }
      ]
    },
    {
      "AssetName": "mftest2",
      "MD5": "a7240402c951f39c0c71a6fc828b7473",
      "FileSize": 5.11328125,
      "assetDatas": [
        {
          "Name": "War loop",
          "OwnerBundleName": "mftest2",
          "AssetType": "UnityEngine.GameObject"
        },
        {
          "Name": "TestABObj",
          "OwnerBundleName": "mftest2",
          "AssetType": "UnityEngine.GameObject"
        }
      ]
    },
    {
      "AssetName": "others",
      "MD5": "2618377f0305b993fc6aabb736ef5ca8",
      "FileSize": 20.55957,
      "assetDatas": [
        {
          "Name": "Lose",
          "OwnerBundleName": "others",
          "AssetType": "UnityEngine.AudioClip"
        },
        {
          "Name": "2DSound",
          "OwnerBundleName": "others",
          "AssetType": "UnityEngine.GameObject"
        },
        {
          "Name": "3DSound",
          "OwnerBundleName": "others",
          "AssetType": "UnityEngine.GameObject"
        }
      ]
    },
    {
      "AssetName": "scene",
      "MD5": "774d1973ecdfe7bee9f78341afc8bf5b",
      "FileSize": 27.1542969,
      "assetDatas": [
        {
          "Name": "HotUpdateExampleScene",
          "OwnerBundleName": "scene",
          "AssetType": "UnityEditor.SceneAsset"
        }
      ]
    },
    {
      "AssetName": "test_sphere",
      "MD5": "7f60def4821c8a56c8fa08978384c74c",
      "FileSize": 44.4736328,
      "assetDatas": [
        {
          "Name": "Sphere",
          "OwnerBundleName": "test_sphere",
          "AssetType": "UnityEngine.GameObject"
        }
      ]
    },
    {
      "AssetName": "Windows",
      "MD5": "1e592e87780ec9e2deaa5bbba036e2fe",
      "FileSize": 1.79296875,
      "assetDatas": []
    },
    {
      "AssetName": "test/scene_test.ab",
      "MD5": "8c775902e8106ca930571186964c57e2",
      "FileSize": 53.6865234,
      "assetDatas": [
        {
          "Name": "TestABScene",
          "OwnerBundleName": "test/scene_test.ab",
          "AssetType": "UnityEditor.SceneAsset"
        }
      ]
    }
  ]
}